serotype	root	clock_rate	clock_stddev
DenV1	KR919820	0.0006	0.00004
DenV2	KY923048	0.00078	0.00004
DenV3	KU050695	0.00068	0.00004
DenV4	MZ215848	0.00066	0.00004
Joint	XXXXXXXX	0.00075	0.00004
